{
  "overall": {
    "win_rate": 0.4845360824742268,
    "roi": -7.497656982193063,
    "n": 97,
    "wins": 47,
    "losses": 50,
    "profit": -727.272727272727
  },
  "by_stat": {
    "3pm": {
      "win_rate": 0.5333333333333333,
      "roi": 1.8181818181818168,
      "n": 15,
      "wins": 8,
      "losses": 7,
      "profit": 27.272727272727252,
      "stat": "3pm",
      "penalty_justified": false
    },
    "pra": {
      "win_rate": 0.5,
      "roi": -4.5454545454545485,
      "n": 18,
      "wins": 9,
      "losses": 9,
      "profit": -81.81818181818187,
      "stat": "pra",
      "penalty_justified": false
    },
    "reb": {
      "win_rate": 0.5,
      "roi": -4.545454545454545,
      "n": 14,
      "wins": 7,
      "losses": 7,
      "profit": -63.636363636363626,
      "stat": "reb",
      "penalty_justified": false
    },
    "blk+stl": {
      "win_rate": 1.0,
      "roi": 90.9090909090909,
      "n": 1,
      "wins": 1,
      "losses": 0,
      "profit": 90.9090909090909,
      "stat": "blk+stl",
      "penalty_justified": false
    },
    "ast": {
      "win_rate": 0.6,
      "roi": 14.54545454545454,
      "n": 5,
      "wins": 3,
      "losses": 2,
      "profit": 72.72727272727269,
      "stat": "ast",
      "penalty_justified": false
    },
    "pts": {
      "win_rate": 0.5,
      "roi": -4.545454545454549,
      "n": 20,
      "wins": 10,
      "losses": 10,
      "profit": -90.90909090909099,
      "stat": "pts",
      "penalty_justified": false
    },
    "recs": {
      "win_rate": 0.25,
      "roi": -52.27272727272727,
      "n": 4,
      "wins": 1,
      "losses": 3,
      "profit": -209.0909090909091,
      "stat": "recs",
      "penalty_justified": true
    },
    "rush yards": {
      "win_rate": 0.5,
      "roi": -4.545454545454547,
      "n": 2,
      "wins": 1,
      "losses": 1,
      "profit": -9.090909090909093,
      "stat": "rush yards",
      "penalty_justified": false
    },
    "rec yards": {
      "win_rate": 0.3333333333333333,
      "roi": -36.36363636363637,
      "n": 3,
      "wins": 1,
      "losses": 2,
      "profit": -109.0909090909091,
      "stat": "rec yards",
      "penalty_justified": true
    },
    "2-pt att": {
      "win_rate": 0.0,
      "roi": -100.0,
      "n": 1,
      "wins": 0,
      "losses": 1,
      "profit": -100.0,
      "stat": "2-pt att",
      "penalty_justified": true
    },
    "pts+ast": {
      "win_rate": 0.375,
      "roi": -28.40909090909091,
      "n": 8,
      "wins": 3,
      "losses": 5,
      "profit": -227.2727272727273,
      "stat": "pts+ast",
      "penalty_justified": true
    },
    "2-pt made": {
      "win_rate": 0.0,
      "roi": -100.0,
      "n": 1,
      "wins": 0,
      "losses": 1,
      "profit": -100.0,
      "stat": "2-pt made",
      "penalty_justified": true
    },
    "fg made": {
      "win_rate": 1.0,
      "roi": 90.9090909090909,
      "n": 1,
      "wins": 1,
      "losses": 0,
      "profit": 90.9090909090909,
      "stat": "fg made",
      "penalty_justified": false
    },
    "total games": {
      "win_rate": 0.0,
      "roi": -100.0,
      "n": 1,
      "wins": 0,
      "losses": 1,
      "profit": -100.0,
      "stat": "total games",
      "penalty_justified": true
    },
    "aces": {
      "win_rate": 1.0,
      "roi": 90.9090909090909,
      "n": 1,
      "wins": 1,
      "losses": 0,
      "profit": 90.9090909090909,
      "stat": "aces",
      "penalty_justified": false
    },
    "reb+ast": {
      "win_rate": 1.0,
      "roi": 90.9090909090909,
      "n": 1,
      "wins": 1,
      "losses": 0,
      "profit": 90.9090909090909,
      "stat": "reb+ast",
      "penalty_justified": false
    },
    "ast+reb": {
      "win_rate": 0.0,
      "roi": -100.0,
      "n": 1,
      "wins": 0,
      "losses": 1,
      "profit": -100.0,
      "stat": "ast+reb",
      "penalty_justified": true
    }
  },
  "by_probability": {
    "0-40%": {
      "win_rate": 0.4845360824742268,
      "roi": -7.497656982193063,
      "n": 97,
      "wins": 47,
      "losses": 50,
      "profit": -727.272727272727,
      "avg_probability": 0,
      "calibration_error": 0.4845360824742268,
      "well_calibrated": false
    }
  },
  "by_tier": {
    "UNKNOWN": {
      "win_rate": 0.4845360824742268,
      "roi": -7.497656982193063,
      "n": 97,
      "wins": 47,
      "losses": 50,
      "profit": -727.272727272727
    }
  },
  "by_edge": {
    "negative_edge": {
      "win_rate": 0.4845360824742268,
      "roi": -7.497656982193063,
      "n": 97,
      "wins": 47,
      "losses": 50,
      "profit": -727.272727272727,
      "avg_edge": -52.38,
      "profitable": false
    }
  },
  "by_direction": {
    "under": {
      "win_rate": 0.5151515151515151,
      "roi": -1.6528925619834767,
      "n": 33,
      "wins": 17,
      "losses": 16,
      "profit": -54.54545454545473
    },
    "over": {
      "win_rate": 0.46875,
      "roi": -10.511363636363633,
      "n": 64,
      "wins": 30,
      "losses": 34,
      "profit": -672.7272727272725
    }
  },
  "edge_threshold": {
    "error": "Insufficient data"
  }
}