{
  "sport": "NHL",
  "seasons": [
    "2023-24",
    "2024-25"
  ],
  "mode": "full_gates",
  "markets": {
    "moneyline": {
      "roi": 12.448521910496128,
      "brier": 0.23321641008436375,
      "total_bets": 85,
      "wins": 54,
      "losses": 31,
      "calibration_error": -0.0166327183310655
    },
    "puck_line": {
      "roi": 0.0,
      "brier": 0.0,
      "total_bets": 0,
      "wins": 0,
      "losses": 0,
      "calibration_error": 0.0
    },
    "totals": {
      "roi": 20.75742085175989,
      "brier": 0.21328542085996524,
      "total_bets": 85,
      "wins": 60,
      "losses": 25,
      "calibration_error": -0.08169400561688189
    },
    "goalie_saves": {
      "roi": 0.0,
      "brier": 0.0,
      "total_bets": 0,
      "wins": 0,
      "losses": 0,
      "calibration_error": 0.0
    }
  },
  "total_bets": 170,
  "overall_roi": 16.60297138112801,
  "overall_brier": 0.2232509154721645,
  "slam_count": 0,
  "goalie_unknown_bets": 30,
  "drawdown_max": 23.286443041934984,
  "verdict": "REJECT: totals calibration error -0.082, goalie_unknown=30",
  "run_timestamp": "2026-02-02T06:12:14.605133",
  "audit_hash": "0a8bcc2b563faee9"
}